날짜,시간,시가,고가,저가,종가,거래량,거래대금,누적체결매도수량,누적체결매수수량
20240912,901,16700,16890,16700,16880,2062,34573000,489,1573
20240912,902,16880,16940,16880,16900,262,4428000,613,1711
20240912,903,16940,17100,16940,17070,1166,19875000,700,2790
20240912,904,17100,17100,17030,17030,724,12368000,750,3464
20240912,905,17030,17070,17000,17000,567,9653000,1252,3529
20240912,906,17000,17000,16900,16900,1534,25941000,2088,4227
20240912,907,16900,16970,16850,16970,1650,27874000,3683,4282
20240912,908,16970,16970,16860,16860,546,9228000,3981,4530
20240912,909,16860,16860,16860,16860,185,3120000,4043,4653
20240912,910,16860,16860,16850,16850,577,9723000,4517,4756
20240912,911,16850,16900,16800,16810,859,14496000,4649,5483
20240912,912,16880,17000,16880,16980,916,15519000,4833,6215
20240912,913,16980,17290,16980,17290,9220,157654000,4851,15417
20240912,914,17290,17360,17250,17250,2450,42432000,5255,17463
20240912,915,17260,17290,17220,17290,1172,20236000,5420,18470
20240912,916,17280,17280,17120,17160,2295,39441000,7428,18757
20240912,917,17100,17230,17030,17200,671,11489000,7788,19068
20240912,918,17200,17200,17200,17200,47,808000,7788,19115
20240912,919,17170,17200,17040,17190,2688,46130000,8181,21410
20240912,920,17060,17170,17060,17170,145,2479000,8277,21459
20240912,921,17070,17200,17070,17200,413,7094000,8308,21841
20240912,922,17200,17200,17200,17200,301,5178000,8308,22142
20240912,923,17140,17200,17130,17200,4380,75270000,8538,26292
20240912,924,17200,17340,17200,17300,7645,132132000,8630,33845
20240912,925,17300,17340,17200,17330,1695,29278000,9691,34479
20240912,926,17320,17340,17210,17220,3239,55832000,11461,35948
20240912,927,17270,17270,17100,17200,4662,80139000,15780,36291
20240912,928,17200,17200,17100,17200,2216,37926000,16193,38094
20240912,929,17190,17200,17190,17200,425,7310000,16327,38385
20240912,930,17200,17200,17200,17200,156,2683000,16327,38541
20240912,931,17200,17330,17150,17330,3021,52183000,16728,41161
20240912,932,17330,17330,17240,17310,296,5126000,16838,41347
20240912,933,17300,17310,17300,17300,573,9915000,17024,41734
20240912,934,17310,17400,17310,17390,11216,194813000,17024,52950
20240912,935,17390,17530,17390,17500,10273,179488000,19071,61176
20240912,936,17500,17520,17440,17470,4652,81271000,20626,64273
20240912,937,17470,17530,17470,17500,1187,20786000,20935,65151
20240912,938,17500,17500,17460,17460,731,12773000,21395,65422
20240912,939,17460,17550,17460,17550,5842,102399000,21510,71149
20240912,940,17530,17640,17440,17600,11179,196448000,24012,79826
20240912,941,17650,17650,17540,17570,954,16782000,24560,80232
20240912,942,17590,17590,17510,17570,3077,53946000,27488,80381
20240912,943,17510,17510,17450,17450,1986,34708000,29039,80816
20240912,944,17450,17480,17440,17460,246,4294000,29144,80957
20240912,945,17430,17460,17370,17430,1631,28409000,30494,81238
20240912,946,17420,17500,17420,17500,646,11287000,30496,81882
20240912,947,17500,17500,17390,17390,2104,36672000,31709,82773
20240912,948,17390,17390,17340,17340,977,16960000,32394,83065
20240912,949,17340,17340,17200,17220,2123,36638000,34207,83375
20240912,950,17300,17340,17280,17340,534,9250000,34312,83804
20240912,951,17340,17340,17340,17340,199,3450000,34445,83870
20240912,952,17310,17330,17260,17330,342,5917000,34747,83910
20240912,953,17260,17300,17260,17300,236,4074000,34962,83931
20240912,954,17320,17390,17320,17350,599,10389000,34968,84524
20240912,955,17400,17400,17350,17400,177,3077000,35025,84644
20240912,956,17390,17400,17360,17400,810,14094000,35359,85120
20240912,957,17400,17400,17400,17400,130,2262000,35359,85250
20240912,958,17400,17400,17390,17390,422,7342000,35682,85349
20240912,959,17390,17400,17390,17390,200,3478000,35842,85389
20240912,1000,17400,17400,17340,17350,901,15647000,36458,85674
20240912,1001,17350,17350,17320,17320,205,3555000,36519,85818
20240912,1002,17320,17330,17310,17330,171,2962000,36609,85899
20240912,1003,17330,17360,17330,17350,1008,17485000,36629,86887
20240912,1004,17350,17400,17340,17400,1260,21898000,36660,88116
20240912,1005,17400,17400,17400,17400,138,2401000,36660,88254
20240912,1006,17380,17400,17370,17400,179,3114000,36663,88430
20240912,1007,17370,17400,17370,17400,73,1270000,36665,88501
20240912,1008,17400,17400,17390,17400,115,2001000,36668,88613
20240912,1009,17390,17400,17390,17400,142,2470000,36768,88655
20240912,1010,17400,17400,17350,17390,846,14703000,37195,89074
20240912,1011,17390,17390,17390,17390,287,4991000,37410,89146
20240912,1012,17390,17390,17330,17330,432,7493000,37697,89291
20240912,1013,17390,17390,17330,17330,141,2452000,37707,89422
20240912,1014,17390,17390,17390,17390,316,5495000,37707,89738
20240912,1015,17390,17390,17340,17390,193,3356000,37711,89927
20240912,1016,17400,17410,17400,17410,775,13485000,37711,90702
20240912,1017,17410,17430,17400,17420,1621,28224000,37792,92242
20240912,1018,17420,17430,17390,17430,827,14389000,37888,92973
20240912,1019,17430,17430,17380,17420,324,5635000,38084,93101
20240912,1020,17420,17420,17340,17340,1138,19757000,39140,93183
20240912,1021,17340,17420,17320,17420,1075,18679000,39550,93848
20240912,1022,17400,17400,17400,17400,90,1566000,39550,93938
20240912,1023,17400,17410,17340,17400,428,7447000,39562,94354
20240912,1024,17400,17400,17400,17400,40,696000,39562,94394
20240912,1025,17400,17400,17350,17350,140,2433000,39622,94474
20240912,1026,17350,17390,17350,17390,92,1597000,39622,94566
20240912,1027,17390,17400,17380,17400,142,2470000,39710,94620
20240912,1028,17400,17420,17380,17420,1079,18772000,39733,95676
20240912,1029,17420,17450,17420,17430,959,16714000,39735,96633
20240912,1030,17430,17430,17370,17430,787,13695000,40014,97141
20240912,1031,17420,17430,17420,17430,77,1342000,40024,97208
20240912,1032,17430,17480,17420,17480,1051,18339000,40027,98256
20240912,1033,17470,17520,17450,17490,3585,62708000,40140,101728
20240912,1034,17490,17500,17450,17500,327,5718000,40312,101883
20240912,1035,17500,17500,17440,17450,228,3980000,40355,102068
20240912,1036,17440,17440,17390,17400,385,6703000,40739,102069
20240912,1037,17420,17420,17390,17390,87,1515000,40781,102114
20240912,1038,17390,17390,17380,17390,198,3443000,40897,102196
20240912,1039,17390,17440,17390,17440,41,713000,40897,102237
20240912,1040,17440,17440,17440,17440,312,5442000,40901,102545
20240912,1041,17450,17450,17450,17450,41,715000,40901,102586
20240912,1042,17390,17450,17390,17450,101,1762000,40905,102683
20240912,1043,17450,17550,17450,17550,1100,19245000,40905,103783
20240912,1044,17550,17570,17540,17570,1471,25824000,40909,105250
20240912,1045,17560,17650,17560,17640,3852,67866000,41777,108234
20240912,1046,17640,17650,17560,17560,1435,25245000,42849,108597
20240912,1047,17560,17640,17560,17600,2017,35494000,43276,110187
20240912,1048,17600,17600,17600,17600,802,14115000,43736,110529
20240912,1049,17600,17660,17600,17640,2406,42441000,43939,112732
20240912,1050,17640,17670,17630,17660,1299,22924000,44337,113633
20240912,1051,17670,17790,17650,17710,16732,296187000,46318,128384
20240912,1052,17750,17830,17700,17820,11959,212753000,49825,136836
20240912,1053,17820,17840,17770,17770,2178,38750000,51331,137508
20240912,1054,17770,17850,17770,17800,3569,63596000,51397,141011
20240912,1055,17800,17830,17760,17770,971,17274000,52010,141369
20240912,1056,17790,17790,17750,17760,1663,29544000,52916,142126
20240912,1057,17750,17770,17750,17760,893,15862000,53141,142794
20240912,1058,17770,17790,17770,17790,382,6794000,53239,143078
20240912,1059,17790,17830,17780,17790,1454,25874000,53359,144412
20240912,1100,17840,17840,17790,17810,944,16827000,53988,144727
20240912,1101,17810,17810,17760,17760,377,6707000,54191,144901
20240912,1102,17750,17760,17720,17720,745,13218000,54880,144957
20240912,1103,17740,17750,17730,17750,343,6085000,54968,145212
20240912,1104,17750,17770,17650,17770,1976,35030000,56460,145696
20240912,1105,17700,17780,17700,17780,286,5075000,56581,145861
20240912,1106,17770,17770,17700,17710,431,7639000,56921,145952
20240912,1107,17720,17800,17720,17720,1797,31951000,57049,147621
20240912,1108,17800,17810,17680,17800,9965,176416000,58081,156554
20240912,1109,17740,17800,17720,17720,2421,42940000,59552,157504
20240912,1110,17710,17780,17710,17720,205,3644000,59577,157684
20240912,1111,17780,17780,17730,17780,157,2791000,59586,157832
20240912,1112,17780,17800,17780,17800,1287,22896000,59634,159071
20240912,1113,17800,17800,17800,17800,179,3186000,59634,159250
20240912,1114,17800,17810,17770,17780,1346,23951000,60834,159396
20240912,1115,17780,17780,17710,17710,3048,54034000,61834,161444
20240912,1116,17720,17780,17700,17770,204,3621000,61879,161603
20240912,1117,17770,17770,17740,17750,507,8998000,62301,161688
20240912,1118,17760,17760,17710,17760,307,5450000,62444,161852
20240912,1119,17760,17840,17750,17790,3112,55408000,64048,163360
20240912,1120,17720,17830,17720,17820,1018,18110000,64247,164179
20240912,1121,17830,17840,17810,17810,3142,55992000,66728,164840
20240912,1122,17840,17850,17830,17850,4003,71442000,66865,168706
20240912,1123,17850,17850,17840,17850,1086,19382000,67174,169483
20240912,1124,17850,17850,17840,17840,617,11008000,67682,169592
20240912,1125,17840,17850,17840,17850,678,12102000,67854,170098
20240912,1126,17840,17850,17830,17830,328,5852000,68097,170183
20240912,1127,17830,17850,17820,17830,707,12604000,68544,170443
20240912,1128,17830,17830,17810,17830,527,9392000,68916,170598
20240912,1129,17830,17830,17810,17820,300,5346000,69094,170720
20240912,1130,17830,17840,17810,17810,1177,20972000,70169,170822
20240912,1131,17830,17830,17790,17800,1101,19606000,70777,171315
20240912,1132,17800,17930,17800,17930,12659,226285000,70926,183825
20240912,1133,17920,17940,17920,17940,1138,20401000,71366,184523
20240912,1134,17940,17950,17930,17950,967,17352000,71482,185374
20240912,1135,17960,17970,17950,17960,1322,23746000,72324,185854
20240912,1136,17970,17980,17950,17950,1852,33275000,72770,187260
20240912,1137,17950,17960,17920,17960,2547,45702000,73164,189413
20240912,1138,17970,18000,17970,17980,2653,47745000,73373,191857
20240912,1139,17990,17990,17940,17940,724,13014000,73987,191967
20240912,1140,17950,18020,17950,18020,6964,125351000,74198,198720
20240912,1141,18020,18040,18020,18020,1162,20953000,74631,199449
20240912,1142,18010,18070,17960,18060,2518,45379000,74704,201894
20240912,1143,18060,18180,18060,18160,5966,108095000,75440,207124
20240912,1144,18170,18210,18160,18210,1898,34522000,75868,208594
20240912,1145,18200,18340,18200,18340,5676,103770000,76701,213437
20240912,1146,18330,18350,18220,18320,4800,87884000,79751,215187
20240912,1147,18260,18320,18140,18140,3890,70956000,83011,215817
20240912,1148,18190,18300,18170,18170,1529,27885000,83279,217078
20240912,1149,18270,18280,18210,18210,264,4824000,83375,217246
20240912,1150,18210,18210,18130,18130,2505,45541000,85565,217561
20240912,1151,18130,18130,17940,18110,2121,38317000,87007,218240
20240912,1152,18020,18080,18000,18010,948,17077000,87568,218627
20240912,1153,18010,18170,17990,18130,1872,33801000,88187,219880
20240912,1154,18120,18130,17980,18050,623,11255000,88628,220062
20240912,1155,18060,18060,17970,17970,1000,18021000,89140,220550
20240912,1156,17980,18050,17910,18000,2323,41697000,90268,221745
20240912,1157,17920,17980,17880,17890,1055,18891000,90813,222255
20240912,1158,17900,17950,17780,17890,1517,27157000,91520,223065
20240912,1159,17940,18030,17940,18030,2463,44234000,92039,225009
20240912,1200,18040,18090,18010,18080,672,12134000,92045,225675
20240912,1201,18080,18090,18080,18090,393,7109000,92148,225965
20240912,1202,18100,18110,18060,18070,1341,24275000,92675,226779
20240912,1203,18090,18120,18080,18100,587,10626000,92840,227201
20240912,1204,18090,18100,18000,18000,1662,30004000,94200,227503
20240912,1205,18000,18000,17970,17980,310,5574000,94467,227546
20240912,1206,17970,18000,17960,17960,296,5325000,94645,227664
20240912,1207,17960,17990,17930,17990,1198,21490000,94857,228650
20240912,1208,17940,18100,17940,18090,2925,52708000,95362,231070
20240912,1209,18060,18100,18060,18100,415,7509000,95558,231289
20240912,1210,18100,18110,18090,18100,525,9502000,95724,231648
20240912,1211,18110,18160,18100,18160,1315,23849000,95910,232777
20240912,1212,18160,18170,18090,18090,1183,21459000,96989,232881
20240912,1213,18030,18140,18030,18140,55,997000,97034,232891
20240912,1214,18140,18140,18060,18140,557,10072000,97482,233000
20240912,1215,18080,18110,17960,17960,622,11206000,97984,233120
20240912,1216,17950,18040,17910,18000,2040,36574000,98934,234210
20240912,1217,18000,18100,18000,18060,888,16046000,99514,234518
20240912,1218,18060,18110,18060,18070,186,3361000,99664,234554
20240912,1219,18070,18110,18060,18060,415,7501000,100017,234616
20240912,1220,18070,18110,18060,18060,108,1953000,100082,234659
20240912,1221,18060,18110,18050,18110,254,4589000,100276,234719
20240912,1222,18110,18120,18090,18090,613,11101000,100644,234964
20240912,1223,18060,18140,18060,18130,865,15673000,100775,235698
20240912,1224,18140,18150,18110,18130,1168,21187000,101661,235980
20240912,1225,18130,18140,18090,18090,241,4366000,101839,236043
20240912,1226,18090,18090,18040,18050,374,6756000,102096,236160
20240912,1227,18060,18130,18060,18130,330,5965000,102105,236481
20240912,1228,18140,18140,18060,18060,944,17105000,102819,236711
20240912,1229,18040,18050,18030,18050,740,13349000,103169,237101
20240912,1230,18050,18110,18050,18110,489,8843000,103451,237308
20240912,1231,18110,18110,18060,18110,353,6384000,103674,237438
20240912,1232,18110,18110,18080,18110,178,3223000,103736,237554
20240912,1233,18110,18110,18100,18100,164,2969000,103832,237622
20240912,1234,18110,18110,18100,18110,499,9033000,104195,237758
20240912,1235,18110,18110,18070,18080,1332,24108000,104990,238295
20240912,1236,18080,18100,18060,18060,126,2277000,105102,238309
20240912,1237,18070,18100,18070,18090,231,4179000,105218,238424
20240912,1238,18090,18110,18090,18100,855,15475000,105538,238959
20240912,1239,18110,18110,18080,18080,330,5972000,105766,239061
20240912,1240,18080,18100,18080,18090,476,8611000,106188,239115
20240912,1241,18080,18080,18040,18050,419,7569000,106339,239383
20240912,1242,18040,18090,17990,18010,700,12604000,106957,239465
20240912,1243,18080,18090,18030,18090,294,5311000,107211,239505
20240912,1244,18040,18080,18020,18020,379,6836000,107474,239621
20240912,1245,18020,18090,18020,18090,272,4903000,107485,239882
20240912,1246,18080,18090,18080,18090,187,3382000,107574,239980
20240912,1247,18090,18090,18080,18090,314,5680000,107612,240256
20240912,1248,18080,18080,18060,18060,816,14749000,108388,240296
20240912,1249,18060,18060,18000,18020,465,8378000,108771,240378
20240912,1250,18020,18020,18010,18020,154,2775000,108867,240436
20240912,1251,18010,18020,18010,18010,409,7366000,109218,240494
20240912,1252,18020,18020,17930,17930,1403,25235000,110533,240582
20240912,1253,17940,17990,17920,17990,1314,23562000,111556,240873
20240912,1254,17980,17980,17940,17980,106,1906000,111623,240912
20240912,1255,17990,17990,17920,17920,392,7038000,111997,240930
20240912,1256,17950,17970,17930,17970,432,7759000,112245,241114
20240912,1257,17960,17960,17940,17950,452,8114000,112585,241226
20240912,1258,17950,17960,17940,17960,66,1185000,112594,241283
20240912,1259,17960,18050,17950,17980,2922,52520000,112875,243924
20240912,1300,18050,18050,18000,18040,198,3572000,112897,244100
20240912,1301,18040,18050,18040,18050,376,6784000,113137,244236
20240912,1302,18040,18050,18040,18040,475,8570000,113506,244342
20240912,1303,18040,18040,18030,18040,953,17192000,114137,244664
20240912,1304,18040,18040,17990,18030,69,1244000,114143,244727
20240912,1305,18030,18030,18010,18010,354,6377000,114407,244817
20240912,1306,18000,18010,18000,18000,323,5814000,114672,244875
20240912,1307,18010,18010,18000,18010,158,2846000,114713,244992
20240912,1308,18010,18050,18010,18050,364,6562000,114724,245345
20240912,1309,18040,18050,18040,18040,420,7581000,114783,245706
20240912,1310,18050,18050,18040,18050,161,2905000,114819,245831
20240912,1311,18050,18050,18040,18050,96,1733000,114825,245921
20240912,1312,18050,18050,18040,18050,3261,58859000,115023,248984
20240912,1313,18050,18080,18050,18070,1657,29932000,115071,250593
20240912,1314,18070,18090,18070,18090,480,8680000,115081,251063
20240912,1315,18080,18100,18080,18100,303,5481000,115133,251314
20240912,1316,18100,18100,18090,18100,155,2805000,115176,251426
20240912,1317,18100,18100,18090,18100,219,3964000,115212,251609
20240912,1318,18090,18100,18090,18090,112,2027000,115249,251684
20240912,1319,18090,18110,18090,18110,366,6626000,115292,252007
20240912,1320,18110,18110,18020,18030,2984,53974000,118179,252104
20240912,1321,18020,18030,17970,17990,285,5135000,118341,252227
20240912,1322,18000,18040,17990,17990,468,8430000,118635,252401
20240912,1323,18000,18040,18000,18010,154,2774000,118662,252528
20240912,1324,18030,18040,18020,18040,142,2561000,118697,252635
20240912,1325,18040,18060,18040,18060,676,12205000,119201,252807
20240912,1326,18070,18070,18030,18060,56,1012000,119207,252857
20240912,1327,18060,18070,18040,18060,779,14069000,119910,252933
20240912,1328,18060,18060,18040,18050,141,2545000,119999,252985
20240912,1329,18050,18050,18030,18050,541,9763000,120479,253046
20240912,1330,18050,18060,18020,18060,464,8377000,120641,253348
20240912,1331,18050,18060,18030,18040,374,6750000,120975,253388
20240912,1332,18040,18050,18030,18040,511,9217000,121397,253477
20240912,1333,18020,18020,17980,17980,396,7127000,121745,253525
20240912,1334,17970,17970,17910,17910,1720,30864000,123449,253541
20240912,1335,17980,17980,17910,17920,266,4767000,123648,253608
20240912,1336,17920,17990,17920,17990,171,3067000,123654,253773
20240912,1337,17980,17990,17980,17990,397,7140000,123943,253881
20240912,1338,17980,17990,17920,17920,513,9221000,124435,253902
20240912,1339,17980,17990,17940,17940,170,3056000,124594,253913
20240912,1340,17980,18000,17980,17990,508,9140000,124616,254399
20240912,1341,17990,18000,17970,17980,411,7392000,124950,254476
20240912,1342,17970,17980,17970,17970,111,1996000,125005,254532
20240912,1343,17980,17980,17930,17930,870,15623000,125798,254609
20240912,1344,17960,17960,17960,17960,67,1204000,125836,254638
20240912,1345,17960,17960,17920,17920,1026,18406000,126826,254674
20240912,1346,17930,17930,17870,17880,916,16406000,127690,254726
20240912,1347,17870,17900,17830,17900,359,6416000,127839,254936
20240912,1348,17960,17960,17910,17940,208,3735000,127991,254992
20240912,1349,17950,17950,17940,17950,222,3984000,128100,255105
20240912,1350,17940,17950,17940,17940,640,11482000,128617,255228
20240912,1351,17930,17960,17930,17960,123,2208000,128664,255304
20240912,1352,17960,17970,17950,17970,524,9414000,128827,255665
20240912,1353,17970,17980,17970,17970,329,5914000,128970,255851
20240912,1354,17980,17980,17970,17980,254,4565000,129160,255915
20240912,1355,17990,17990,17980,17990,205,3687000,129260,256020
20240912,1356,17980,17990,17970,17970,771,13863000,129893,256158
20240912,1357,17970,17980,17970,17980,107,1923000,129934,256224
20240912,1358,17970,17980,17960,17960,724,13010000,130578,256304
20240912,1359,17970,17970,17940,17960,518,9303000,130947,256453
20240912,1400,17960,17960,17940,17960,418,7505000,131178,256640
20240912,1401,17960,17960,17950,17960,327,5872000,131240,256905
20240912,1402,17950,17960,17950,17950,441,7917000,131613,256973
20240912,1403,17950,17950,17930,17940,302,5418000,131825,257063
20240912,1404,17940,17950,17880,17890,2827,50607000,134591,257124
20240912,1405,17890,17950,17880,17910,338,6051000,134790,257263
20240912,1406,17940,17960,17920,17940,897,16094000,135029,257921
20240912,1407,17960,17990,17950,17970,536,9633000,135068,258418
20240912,1408,17980,17990,17980,17990,183,3291000,135110,258559
20240912,1409,17990,17990,17980,17980,648,11652000,135682,258635
20240912,1410,17980,17990,17940,17950,306,5499000,135889,258734
20240912,1411,17950,17980,17940,17980,484,8688000,136332,258775
20240912,1412,17970,17980,17970,17980,493,8862000,136616,258984
20240912,1413,17980,17990,17980,17980,283,5089000,136803,259080
20240912,1414,17990,17990,17980,17980,141,2536000,136878,259146
20240912,1415,17980,17990,17970,17980,639,11490000,137419,259244
20240912,1416,17970,17980,17970,17980,361,6488000,137694,259330
20240912,1417,17990,18000,17980,17990,750,13495000,137772,260002
20240912,1418,18000,18000,17920,17930,2801,50296000,139944,260631
20240912,1419,17930,17980,17930,17970,546,9814000,140405,260716
20240912,1420,17970,17980,17950,17970,115,2067000,140460,260776
20240912,1421,17970,18340,17900,17900,28149,509641000,147241,282144
20240912,1422,17910,18000,17820,17920,4942,88409000,150009,284318
20240912,1423,17910,18150,17860,18000,12367,222625000,157836,288858
20240912,1424,17990,18000,17500,17620,11795,208436000,165426,293063
20240912,1425,17510,17620,17120,17280,12782,221707000,171825,299446
20240912,1426,17260,17400,17150,17340,3663,63415000,172852,302082
20240912,1427,17390,17390,17180,17180,2699,46590000,175435,302198
20240912,1428,17250,17700,17190,17700,3900,68109000,176063,305470
20240912,1429,17650,17700,17520,17630,5729,101058000,180501,306761
20240912,1430,17620,17620,17420,17420,2282,40007000,182747,306797
20240912,1431,17420,17600,17400,17600,744,13075000,182795,307493
20240912,1432,17550,17550,17340,17340,1696,29573000,184309,307675
20240912,1433,17340,17430,17320,17380,1448,25155000,184788,308644
20240912,1434,17400,17580,17400,17580,1554,27220000,185042,309944
20240912,1435,17580,17590,17540,17540,724,12726000,185600,310110
20240912,1436,17540,17580,17450,17500,1588,27785000,186657,310641
20240912,1437,17470,17650,17470,17500,1577,27738000,187180,311695
20240912,1438,17500,17560,17500,17550,677,11857000,187777,311775
20240912,1439,17500,17500,17260,17280,3352,58245000,190736,312168
20240912,1440,17270,17400,17270,17290,4122,71280000,193075,313951
20240912,1441,17380,17380,17320,17380,1047,18187000,193341,314732
20240912,1442,17380,17530,17370,17530,1861,32433000,193453,316481
20240912,1443,17550,17560,17420,17530,1444,25331000,194237,317141
20240912,1444,17440,17530,17420,17420,386,6738000,194581,317183
20240912,1445,17410,17460,17360,17390,739,12858000,195270,317233
20240912,1446,17400,17430,17320,17430,798,13855000,196064,317237
20240912,1447,17350,17430,17350,17390,97,1688000,196105,317293
20240912,1448,17430,17460,17410,17460,700,12194000,196703,317395
20240912,1449,17420,17460,17420,17440,318,5551000,196731,317685
20240912,1450,17460,17470,17440,17460,1298,22661000,197220,318494
20240912,1451,17470,17500,17450,17500,639,11162000,197463,318890
20240912,1452,17500,17500,17400,17410,1753,30563000,198410,319696
20240912,1453,17430,17430,17340,17340,1271,22108000,199510,319867
20240912,1454,17340,17400,17340,17370,925,16053000,199599,320703
20240912,1455,17380,17490,17380,17490,549,9554000,199826,321025
20240912,1456,17470,17490,17450,17470,605,10569000,200209,321247
20240912,1457,17470,17530,17460,17530,1669,29199000,201321,321804
20240912,1458,17450,17520,17440,17520,203,3549000,201426,321902
20240912,1459,17520,17520,17430,17510,1843,32186000,202433,322738
20240912,1500,17510,17510,17460,17460,190,3322000,202581,322780
20240912,1501,17460,17520,17460,17480,563,9855000,203002,322922
20240912,1502,17480,17480,17460,17460,827,14452000,203694,323057
20240912,1503,17480,17510,17460,17510,449,7849000,203840,323360
20240912,1504,17470,17500,17460,17500,54,944000,203884,323370
20240912,1505,17470,17500,17470,17470,98,1715000,203922,323430
20240912,1506,17500,17510,17500,17510,602,10538000,204083,323871
20240912,1507,17500,17530,17500,17530,344,6025000,204209,324089
20240912,1508,17530,17550,17500,17550,605,10603000,204309,324594
20240912,1509,17550,17580,17460,17460,1542,26976000,205688,324757
20240912,1510,17450,17540,17400,17540,4928,86209000,207502,327871
20240912,1511,17540,17550,17440,17550,1358,23768000,208654,328077
20240912,1512,17530,17530,17430,17430,359,6271000,208988,328102
20240912,1513,17450,17450,17400,17400,653,11369000,209635,328108
20240912,1514,17410,17410,17370,17390,3046,52953000,211751,329038
20240912,1515,17390,17470,17390,17400,2536,44127000,212583,330742
20240912,1516,17380,17380,17360,17370,418,7261000,212848,330895
20240912,1517,17380,17380,17380,17380,314,5458000,212974,331083
20240912,1518,17400,17400,17380,17380,368,6399000,213342,331083
20240912,1519,17380,17390,17380,17390,199,3459000,213541,331083
20240912,1520,17400,17460,17400,17440,2351,41001000,215211,331764
20240912,1530,17470,17470,17470,17470,3891,67976000,215211,335655
20240913,901,18100,18100,17600,17610,12151,218230000,4572,7579
20240913,902,17620,17630,17540,17590,3583,63090000,8065,7669
20240913,903,17550,17550,17280,17280,7265,126412000,14838,8161
20240913,904,17340,17340,17250,17280,781,13493000,15379,8401
20240913,905,17280,17350,17210,17230,3107,53621000,17983,8904
20240913,906,17200,17250,17160,17170,1677,28834000,19574,8990
20240913,907,17170,17230,17110,17120,2929,50256000,21176,10317
20240913,908,17240,17290,17240,17280,946,16332000,21197,11242
20240913,909,17310,17360,17310,17360,1268,21993000,21197,12510
20240913,910,17350,17360,17200,17210,1952,33787000,22486,13173
20240913,911,17200,17210,17200,17210,463,7963000,22949,13173
20240913,912,17210,17210,17210,17210,201,3460000,23150,13173
20240913,913,17270,17320,17270,17320,166,2870000,23150,13339
20240913,914,17310,17320,17250,17250,352,6077000,23481,13360
20240913,915,17320,17400,17320,17400,1266,21970000,23481,14626
20240913,916,17320,17330,17320,17330,215,3724000,23696,14626
20240913,917,17380,17400,17250,17250,6509,112615000,27779,17052
20240913,918,17270,17320,17200,17210,7984,137691000,34927,17888
20240913,919,17210,17210,17140,17140,2769,47530000,37459,18125
20240913,920,17130,17130,17080,17090,3609,61760000,40986,18207
20240913,921,17090,17310,17060,17230,907,15512000,41348,18752
20240913,922,17220,17220,17150,17220,181,3115000,41488,18793
20240913,923,17220,17220,17000,17050,10580,180340000,47617,23244
20240913,924,17060,17110,16970,16970,2199,37414000,49572,23488
20240913,925,16970,17000,16960,16970,4966,84280000,50380,27646
20240913,926,16970,16980,16910,16920,2468,41885000,50983,29511
20240913,927,16920,16920,16730,16750,10805,181506000,56811,34488
20240913,928,16740,16830,16720,16760,282,4724000,57067,34514
20240913,929,16770,16850,16760,16850,232,3901000,57156,34657
20240913,930,16850,16900,16850,16860,238,4018000,57163,34888
20240913,931,16900,17000,16900,16940,1560,26458000,57270,36341
20240913,932,16970,16970,16960,16960,55,933000,57324,36342
20240913,933,16960,16960,16910,16920,968,16383000,58209,36425
20240913,934,16920,16920,16770,16780,4447,74905000,62560,36521
20240913,935,16790,16920,16780,16920,1170,19664000,63522,36729
20240913,936,16910,16920,16850,16860,253,4268000,63766,36738
20240913,937,16890,17000,16890,17000,259,4396000,63767,36996
20240913,938,16970,17130,16970,17130,952,16242000,63831,37884
20240913,939,17130,17140,17090,17100,1677,28684000,64730,38662
20240913,940,17100,17140,17080,17080,715,12225000,65270,38837
20240913,941,17080,17100,17010,17100,508,8655000,65775,38840
20240913,942,17090,17120,17060,17100,2102,35942000,67659,39058
20240913,943,17100,17100,17050,17050,336,5742000,67945,39108
20240913,944,17040,17140,17040,17140,922,15778000,68034,39941
20240913,945,17130,17140,17130,17140,223,3823000,68108,40090
20240913,946,17140,17140,17100,17100,346,5920000,68450,40094
20240913,947,17090,17130,17090,17120,111,1901000,68465,40190
20240913,948,17120,17150,17120,17150,232,3977000,68474,40413
20240913,949,17130,17150,17130,17150,782,13407000,68787,40882
20240913,950,17160,17170,17150,17160,327,5612000,68831,41165
20240913,951,17160,17160,17120,17120,1954,33505000,70740,41210
20240913,952,17130,17150,17130,17140,132,2262000,70844,41238
20240913,953,17150,17150,17130,17140,183,3137000,70883,41382
20240913,954,17130,17130,17000,17110,1156,19702000,72022,41399
20240913,955,17050,17080,17050,17070,131,2237000,72153,41399
20240913,956,17060,17070,17010,17020,443,7544000,72420,41575
20240913,957,17010,17060,17010,17060,468,7965000,72435,42028
20240913,958,17050,17090,17050,17090,27,461000,72451,42039
20240913,959,17100,17100,17060,17070,1269,21665000,73664,42095
20240913,1000,17080,17090,17050,17050,239,4080000,73884,42114
20240913,1001,17060,17060,17030,17060,741,12638000,74084,42655
20240913,1002,17080,17130,17060,17130,1011,17305000,74104,43646
20240913,1003,17120,17270,17120,17270,3054,52487000,74351,46453
20240913,1004,17270,17330,17250,17330,2917,50425000,74627,49094
20240913,1005,17340,17500,17340,17500,1639,28622000,74644,50716
20240913,1006,17450,17510,17440,17510,1643,28738000,74957,52046
20240913,1007,17490,17540,17490,17520,944,16532000,75389,52558
20240913,1008,17520,17530,17460,17490,969,16956000,76146,52770
20240913,1009,17510,17510,17450,17510,1708,29856000,77095,53529
20240913,1010,17520,17530,17490,17510,583,10204000,77346,53861
20240913,1011,17520,17650,17510,17650,2846,50025000,77389,56664
20240913,1012,17650,17750,17620,17620,2735,48347000,78924,57864
20240913,1013,17600,17600,17550,17580,1579,27749000,79729,58638
20240913,1014,17580,17760,17580,17670,3291,58036000,79903,61755
20240913,1015,17690,17750,17660,17720,595,10519000,80368,61885
20240913,1016,17710,17750,17710,17740,864,15319000,80650,62467
20240913,1017,17740,17750,17680,17700,1511,26783000,81703,62925
20240913,1018,17700,17780,17690,17760,2760,49000000,82166,65222
20240913,1019,17750,17790,17710,17780,1715,30476000,83108,65995
20240913,1020,17730,17780,17600,17620,2261,39950000,85308,66056
20240913,1021,17570,17640,17570,17640,236,4162000,85318,66282
20240913,1022,17640,17680,17620,17620,793,14000000,85790,66603
20240913,1023,17630,17680,17600,17680,915,16130000,85907,67401
20240913,1024,17680,17720,17670,17700,814,14410000,86458,67664
20240913,1025,17700,17710,17650,17710,804,14229000,86868,68058
20240913,1026,17710,17740,17690,17720,409,7243000,87113,68222
20240913,1027,17730,17750,17670,17680,1488,26348000,88296,68527
20240913,1028,17670,17730,17670,17730,647,11456000,88664,68806
20240913,1029,17720,17760,17720,17760,1038,18422000,88937,69571
20240913,1030,17760,17910,17760,17900,6013,107372000,89278,75243
20240913,1031,17870,17900,17860,17860,649,11598000,89753,75417
20240913,1032,17850,17900,17840,17890,769,13737000,89960,75979
20240913,1033,17880,17880,17850,17870,1094,19542000,90642,76391
20240913,1034,17870,17870,17850,17860,322,5752000,90807,76548
20240913,1035,17860,18030,17850,18030,6810,122192000,91552,82613
20240913,1036,18050,18100,17950,17960,1292,23317000,92029,83428
20240913,1037,18020,18040,17980,17990,1960,35298000,92398,85019
20240913,1038,17990,18040,17980,18040,1633,29450000,92461,86589
20240913,1039,18060,18080,18050,18060,1731,31266000,93882,86899
20240913,1040,18060,18170,18060,18150,2751,49829000,95091,88441
20240913,1041,18150,18150,18130,18140,1526,27689000,95436,89622
20240913,1042,18140,18150,18020,18020,2895,52440000,97413,90540
20240913,1043,18020,18110,18020,18040,3042,54872000,98423,92572
20240913,1044,18040,18090,18030,18040,926,16710000,99095,92826
20240913,1045,18040,18040,18030,18030,1971,35541000,99650,94242
20240913,1046,18030,18030,17990,18000,1207,21739000,100579,94520
20240913,1047,18020,18030,17980,17990,701,12622000,101000,94800
20240913,1048,17990,18010,17980,18010,1023,18402000,101288,95535
20240913,1049,18020,18060,18020,18040,1091,19681000,101413,96501
20240913,1050,18040,18120,18040,18120,1623,29329000,101628,97909
20240913,1051,18130,18200,18130,18190,3368,61228000,101796,101109
20240913,1052,18200,18300,18200,18280,7053,128746000,103131,106827
20240913,1053,18270,18310,18260,18260,7004,128138000,105873,111089
20240913,1054,18270,18340,18270,18330,4394,80445000,107041,114315
20240913,1055,18330,18440,18330,18430,9405,172874000,110216,120545
20240913,1056,18400,18430,18340,18360,4123,75743000,114013,120871
20240913,1057,18350,18390,18260,18290,2750,50352000,116523,121111
20240913,1058,18260,18300,18220,18300,2316,42294000,118192,121758
20240913,1059,18300,18400,18280,18380,3336,61099000,119515,123771
20240913,1100,18390,18400,18290,18290,1425,26123000,120477,124234
20240913,1101,18300,18360,18250,18260,1167,21364000,121499,124379
20240913,1102,18280,18390,18270,18380,1731,31768000,121681,125928
20240913,1103,18390,18400,18370,18400,1893,34802000,122618,126884
20240913,1104,18390,18420,18390,18420,1544,28418000,123012,128034
20240913,1105,18410,18420,18340,18390,1290,23703000,124175,128161
20240913,1106,18390,18400,18360,18370,320,5884000,124370,128286
20240913,1107,18360,18390,18320,18330,1002,18395000,124976,128682
20240913,1108,18330,18390,18310,18360,798,14654000,125276,129180
20240913,1109,18340,18360,18330,18340,344,6308000,125564,129236
20240913,1110,18350,18360,18340,18350,339,6221000,125759,129380
20240913,1111,18340,18360,18300,18360,884,16197000,126237,129786
20240913,1112,18350,18350,18240,18280,2090,38201000,128191,129922
20240913,1113,18260,18260,18240,18260,2034,37137000,128337,131810
20240913,1114,18250,18270,18220,18270,1399,25514000,129293,132253
20240913,1115,18260,18270,18240,18240,263,4801000,129454,132355
20240913,1116,18240,18250,18230,18230,699,12748000,129631,132877
20240913,1117,18230,18260,18230,18230,467,8521000,129895,133080
20240913,1118,18250,18270,18250,18270,705,12877000,129900,133780
20240913,1119,18260,18280,18260,18280,297,5426000,129955,134022
20240913,1120,18280,18360,18280,18350,1277,23402000,130318,134936
20240913,1121,18340,18350,18340,18350,441,8092000,130336,135359
20240913,1122,18350,18390,18340,18380,1313,24123000,130568,136440
20240913,1123,18370,18380,18360,18380,300,5512000,130607,136701
20240913,1124,18380,18380,18360,18360,259,4760000,130644,136923
20240913,1125,18360,18380,18340,18380,930,17075000,131110,137387
20240913,1126,18370,18380,18320,18320,663,12173000,131405,137755
20240913,1127,18320,18380,18320,18380,4660,85383000,131427,142393
20240913,1128,18370,18380,18370,18380,295,5420000,131583,142532
20240913,1129,18380,18380,18360,18370,468,8598000,131822,142761
20240913,1130,18370,18370,18350,18360,252,4628000,131850,142985
20240913,1131,18360,18420,18360,18420,3805,69980000,131899,146741
20240913,1132,18410,18410,18390,18400,225,4140000,131967,146898
20240913,1133,18400,18450,18400,18450,4495,82823000,132071,151289
20240913,1134,18440,18550,18420,18550,13788,254953000,132596,164552
20240913,1135,18550,18640,18550,18610,5025,93425000,134214,167959
20240913,1136,18610,18610,18560,18600,781,14529000,134574,168380
20240913,1137,18590,18610,18480,18510,1747,32399000,135854,168847
20240913,1138,18510,18560,18510,18560,1293,23953000,137040,168954
20240913,1139,18530,18540,18480,18530,1175,21754000,137846,169323
20240913,1140,18530,18550,18510,18540,835,15476000,138024,169980
20240913,1141,18540,18570,18540,18570,433,8038000,138079,170358
20240913,1142,18560,18570,18480,18480,925,17151000,138913,170449
20240913,1143,18480,18480,18410,18440,403,7434000,139209,170556
20240913,1144,18430,18470,18420,18440,1494,27558000,140153,171106
20240913,1145,18440,18460,18430,18430,271,4998000,140271,171259
20240913,1146,18440,18440,18410,18420,1047,19284000,141053,171524
20240913,1147,18420,18430,18420,18430,532,9803000,141322,171787
20240913,1148,18430,18550,18430,18550,2154,39823000,141335,173928
20240913,1149,18560,18580,18550,18580,1748,32459000,142145,174866
20240913,1150,18580,18620,18580,18600,1758,32706000,142669,176100
20240913,1151,18580,18580,18530,18540,981,18202000,143630,176120
20240913,1152,18540,18560,18510,18560,555,10283000,144067,176238
20240913,1153,18550,18550,18510,18550,407,7540000,144403,176309
20240913,1154,18550,18560,18550,18550,317,5882000,144506,176523
20240913,1155,18540,18540,18520,18530,222,4115000,144546,176705
20240913,1156,18540,18540,18520,18530,500,9268000,144692,177059
20240913,1157,18530,18560,18520,18560,273,5061000,144786,177238
20240913,1158,18550,18560,18540,18540,142,2634000,144867,177299
20240913,1159,18550,18550,18540,18550,1286,23856000,144873,178579
20240913,1200,18550,18560,18540,18550,546,10127000,144987,179011
20240913,1201,18550,18570,18540,18540,524,9729000,145075,179447
20240913,1202,18550,18550,18530,18540,349,6471000,145188,179683
20240913,1203,18540,18560,18530,18560,337,6251000,145192,180016
20240913,1204,18560,18610,18560,18610,3006,55865000,145194,183020
20240913,1205,18610,18640,18600,18640,1516,28233000,145406,184324
20240913,1206,18640,18650,18640,18640,843,15721000,145483,185090
20240913,1207,18640,18650,18640,18650,386,7198000,145550,185409
20240913,1208,18650,18650,18600,18650,1437,26765000,146709,185687
20240913,1209,18640,18660,18630,18650,1283,23926000,146892,186787
20240913,1210,18650,18660,18600,18640,627,11691000,147159,187147
20240913,1211,18640,18660,18620,18650,1114,20764000,147980,187440
20240913,1212,18630,18650,18580,18650,968,18016000,148637,187751
20240913,1213,18640,18650,18640,18650,659,12290000,148709,188338
20240913,1214,18650,18650,18640,18650,687,12808000,149137,188597
20240913,1215,18640,18660,18630,18650,1256,23425000,149340,189650
20240913,1216,18660,18660,18630,18630,373,6956000,149554,189809
20240913,1217,18640,18680,18640,18680,1411,26336000,149593,191181
20240913,1218,18680,18760,18680,18760,5266,98486000,149950,196090
20240913,1219,18760,18760,18690,18720,2256,42228000,151714,196582
20240913,1220,18710,18710,18670,18700,686,12823000,151945,197037
20240913,1221,18700,18700,18680,18690,698,13050000,152076,197604
20240913,1222,18690,18740,18690,18740,753,14089000,152269,198164
20240913,1223,18730,18790,18730,18790,2031,38100000,152276,200188
20240913,1224,18790,18800,18770,18800,2840,53373000,152714,202590
20240913,1225,18800,18830,18760,18820,3813,71659000,155269,203848
20240913,1226,18810,18850,18740,18850,4243,79808000,157846,205514
20240913,1227,18840,18860,18830,18860,1406,26498000,158198,206568
20240913,1228,18850,18880,18830,18830,1434,27044000,159043,207157
20240913,1229,18830,18870,18710,18710,1427,26815000,160320,207307
20240913,1230,18710,18710,18660,18670,2087,39005000,162025,207689
20240913,1231,18670,18730,18670,18720,213,3983000,162065,207862
20240913,1232,18720,18730,18720,18720,255,4774000,162266,207916
20240913,1233,18720,18730,18700,18730,778,14560000,162709,208251
20240913,1234,18730,18740,18730,18730,248,4645000,162838,208370
20240913,1235,18710,18710,18660,18680,2471,46174000,164988,208691
20240913,1236,18670,18740,18670,18740,357,6680000,164998,209038
20240913,1237,18740,18830,18740,18830,1717,32228000,165099,210654
20240913,1238,18810,18830,18800,18800,1764,33180000,166698,210819
20240913,1239,18800,18800,18800,18800,5,94000,166699,210823
20240913,1240,18790,18790,18790,18790,260,4885000,166916,210866
20240913,1241,18770,18770,18760,18770,267,5012000,166983,211066
20240913,1242,18760,18760,18700,18750,635,11882000,167617,211067
20240913,1243,18700,18710,18700,18710,514,9615000,167831,211367
20240913,1244,18700,18700,18670,18700,5441,101704000,172579,212060
20240913,1245,18700,18700,18670,18680,663,12388000,173041,212261
20240913,1246,18700,18700,18690,18690,714,13350000,173338,212678
20240913,1247,18680,18680,18400,18410,5806,107726000,178536,213286
20240913,1248,18440,18640,18440,18640,882,16347000,178703,214001
20240913,1249,18640,18640,18550,18590,621,11549000,179171,214154
20240913,1250,18580,18640,18540,18640,1490,27702000,179713,215102
20240913,1251,18660,18710,18640,18710,2923,54581000,179723,218015
20240913,1252,18700,18750,18650,18740,2086,39046000,180160,219664
20240913,1253,18730,18800,18730,18730,2146,40315000,180178,221792
20240913,1254,18730,18770,18730,18770,330,6189000,180393,221907
20240913,1255,18770,18770,18770,18770,54,1014000,180403,221951
20240913,1256,18740,18770,18720,18760,748,14021000,181088,222014
20240913,1257,18750,18760,18710,18750,559,10479000,181363,222298
20240913,1258,18740,18750,18710,18740,438,8211000,181376,222723
20240913,1259,18710,18710,18650,18660,2125,39715000,183501,222723
20240913,1300,18700,18700,18650,18690,406,7587000,183683,222947
20240913,1301,18660,18710,18650,18700,966,18052000,183934,223662
20240913,1302,18700,18720,18690,18720,1041,19480000,184459,224178
20240913,1303,18710,18740,18700,18740,477,8932000,184559,224555
20240913,1304,18750,18750,18730,18730,407,7629000,184659,224862
20240913,1305,18730,18760,18730,18750,664,12449000,184799,225386
20240913,1306,18740,18750,18720,18730,459,8595000,185216,225428
20240913,1307,18720,18780,18710,18720,1917,35964000,185321,227240
20240913,1308,18770,18770,18700,18700,1615,30216000,186920,227256
20240913,1309,18760,18770,18720,18730,236,4426000,187049,227363
20240913,1310,18730,18740,18710,18720,385,7209000,187292,227505
20240913,1311,18710,18730,18710,18730,311,5822000,187379,227729
20240913,1312,18740,18740,18720,18730,353,6614000,187436,228025
20240913,1313,18720,18730,18710,18710,318,5953000,187669,228110
20240913,1314,18710,18720,18670,18680,2869,53641000,190080,228568
20240913,1315,18670,18760,18670,18760,5800,108664000,190174,234274
20240913,1316,18770,18870,18770,18850,3720,70035000,190616,237552
20240913,1317,18860,18870,18790,18850,2918,55005000,193174,237912
20240913,1318,18850,18870,18850,18860,1229,23179000,193218,239097
20240913,1319,18860,18880,18850,18880,3151,59453000,193430,242036
20240913,1320,18880,18940,18850,18920,9258,174897000,193814,250910
20240913,1321,18930,18940,18900,18920,637,12055000,194130,251231
20240913,1322,18910,18920,18900,18910,549,10384000,194332,251578
20240913,1323,18910,18920,18710,18900,4015,75764000,197733,252192
20240913,1324,18900,18900,18750,18830,1324,24857000,197909,253340
20240913,1325,18830,18830,18750,18830,723,13586000,198048,253924
20240913,1326,18820,18830,18810,18820,254,4781000,198049,254177
20240913,1327,18820,18830,18820,18820,298,5610000,198136,254388
20240913,1328,18820,18820,18800,18810,267,5022000,198241,254550
20240913,1329,18800,18800,18770,18770,151,2837000,198315,254627
20240913,1330,18770,18780,18740,18760,674,12643000,198686,254930
20240913,1331,18760,18760,18650,18650,1385,25907000,199961,255040
20240913,1332,18650,18660,18620,18640,1781,33204000,201395,255387
20240913,1333,18640,18700,18640,18680,873,16321000,201578,256077
20240913,1334,18680,18700,18670,18700,319,5963000,201712,256262
20240913,1335,18700,18720,18690,18710,462,8640000,201787,256649
20240913,1336,18750,18750,18710,18750,499,9345000,202122,256813
20240913,1337,18750,18810,18750,18810,316,5935000,202141,257110
20240913,1338,18810,18870,18810,18870,680,12802000,202163,257768
20240913,1339,18870,18900,18870,18870,2725,51446000,204149,258507
20240913,1340,18900,18900,18830,18880,264,4973000,204200,258720
20240913,1341,18880,18890,18870,18870,583,11009000,204440,259063
20240913,1342,18870,18900,18860,18890,424,8006000,204686,259241
20240913,1343,18890,18890,18880,18890,497,9387000,204797,259627
20240913,1344,18890,18950,18880,18950,1872,35436000,204934,261362
20240913,1345,18940,19080,18900,19060,16117,306255000,206007,276406
20240913,1346,19060,19100,18910,19040,5925,112858000,208112,280226
20240913,1347,19040,19110,18900,18920,4425,84290000,210305,282458
20240913,1348,18990,19050,18990,19020,1965,37422000,211818,282910
20240913,1349,19020,19090,19020,19080,1063,20260000,212044,283747
20240913,1350,19080,19120,19080,19120,3168,60524000,212713,286246
20240913,1351,19120,19130,19050,19050,2853,54513000,213687,288125
20240913,1352,19110,19110,19050,19100,645,12299000,214074,288383
20240913,1353,19080,19080,18910,19000,3071,58331000,216944,288584
20240913,1354,18930,19000,18900,18930,2001,37868000,218691,288838
20240913,1355,18930,18990,18930,18990,605,11464000,218763,289371
20240913,1356,18960,19050,18900,19050,2868,54436000,220703,290299
20240913,1357,19040,19040,18960,19000,581,11040000,220929,290654
20240913,1358,19000,19010,18970,18990,269,5111000,220989,290863
20240913,1359,18990,19000,18910,18990,501,9512000,221255,291098
20240913,1400,18960,18990,18910,18960,716,13552000,221901,291168
20240913,1401,18940,18960,18890,18950,1460,27606000,223091,291438
20240913,1402,18950,18950,18900,18900,411,7778000,223358,291582
20240913,1403,18890,18900,18650,18800,4310,80973000,226290,292960
20240913,1404,18800,18840,18730,18730,658,12349000,226711,293197
20240913,1405,18790,18790,18720,18780,1000,18737000,227546,293362
20240913,1406,18760,18780,18760,18760,470,8823000,227627,293751
20240913,1407,18750,18770,18740,18760,273,5121000,227734,293917
20240913,1408,18760,18770,18730,18750,322,6038000,227933,294040
20240913,1409,18740,18740,18660,18660,1069,20001000,228934,294108
20240913,1410,18660,18690,18610,18690,1457,27161000,229777,294722
20240913,1411,18690,18690,18600,18670,351,6534000,230105,294745
20240913,1412,18670,18680,18650,18670,403,7524000,230178,295075
20240913,1413,18680,18820,18680,18730,2289,42857000,230286,297256
20240913,1414,18740,18810,18740,18780,463,8704000,230522,297483
20240913,1415,18780,18780,18700,18740,877,16420000,231175,297707
20240913,1416,18740,18750,18650,18670,1553,29031000,232654,297781
20240913,1417,18680,18680,18400,18510,3262,60448000,235814,297883
20240913,1418,18510,18640,18500,18610,975,18102000,235938,298734
20240913,1419,18610,18620,18580,18610,2210,41130000,236296,300586
20240913,1420,18610,18620,18400,18500,5540,102331000,241124,301298
20240913,1421,18580,18590,18550,18560,1397,25924000,241441,302378
20240913,1422,18560,18630,18500,18510,1930,35844000,242427,303322
20240913,1423,18560,18610,18530,18610,363,6744000,242617,303495
20240913,1424,18620,18640,18610,18620,269,5011000,242705,303676
20240913,1425,18620,18660,18610,18660,1247,23225000,242829,304799
20240913,1426,18680,18680,18660,18670,379,7077000,242994,305013
20240913,1427,18670,18690,18660,18670,852,15914000,243246,305613
20240913,1428,18670,18680,18640,18670,726,13545000,243894,305691
20240913,1429,18670,18670,18590,18590,1364,25386000,244909,306040
20240913,1430,18590,18650,18550,18650,529,9848000,245117,306361
20240913,1431,18620,18620,18560,18610,591,10989000,245495,306574
20240913,1432,18570,18610,18550,18570,421,7815000,245915,306575
20240913,1433,18560,18610,18560,18610,253,4698000,245956,306787
20240913,1434,18600,18650,18560,18650,1226,22782000,246104,307865
20240913,1435,18650,18670,18640,18670,475,8857000,246154,308290
20240913,1436,18670,18670,18670,18670,305,5695000,246154,308595
20240913,1437,18670,18680,18660,18660,709,13232000,246272,309186
20240913,1438,18680,18690,18680,18680,243,4540000,246330,309371
20240913,1439,18680,18690,18680,18690,332,6204000,246364,309669
20240913,1440,18690,18700,18690,18700,504,9422000,246366,310171
20240913,1441,18700,18700,18680,18680,596,11139000,246601,310532
20240913,1442,18680,18680,18670,18680,312,5827000,246648,310797
20240913,1443,18680,18680,18660,18670,403,7526000,246882,310966
20240913,1444,18690,18690,18660,18660,623,11631000,247367,311104
20240913,1445,18660,18680,18630,18660,346,6454000,247601,311216
20240913,1446,18670,18690,18620,18660,496,9247000,247950,311363
20240913,1447,18660,18660,18570,18610,1319,24532000,249154,311478
20240913,1448,18610,18630,18600,18630,401,7463000,249488,311545
20240913,1449,18630,18630,18620,18620,287,5345000,249628,311692
20240913,1450,18630,18650,18600,18640,1369,25514000,250755,311934
20240913,1451,18620,18640,18610,18640,265,4935000,250937,312017
20240913,1452,18640,18640,18620,18640,251,4678000,251050,312155
20240913,1453,18640,18640,18620,18630,214,3987000,251115,312304
20240913,1454,18630,18640,18610,18620,404,7525000,251417,312406
20240913,1455,18620,18620,18550,18550,2973,55212000,253973,312823
20240913,1456,18550,18570,18510,18520,370,6861000,254231,312935
20240913,1457,18550,18550,18510,18520,813,15055000,254789,313190
20240913,1458,18550,18570,18530,18570,123,2281000,254818,313284
20240913,1459,18570,18570,18510,18510,456,8457000,255070,313488
20240913,1500,18530,18570,18510,18570,303,5622000,255168,313693
20240913,1501,18570,18590,18550,18550,1120,20801000,255365,314616
20240913,1502,18550,18550,18430,18500,4146,76634000,257685,316442
20240913,1503,18500,18500,18410,18440,3091,56930000,260124,317094
20240913,1504,18450,18500,18410,18440,1295,23873000,260516,317997
20240913,1505,18500,18500,18420,18430,468,8632000,260715,318266
20240913,1506,18490,18490,18450,18490,291,5376000,260868,318404
20240913,1507,18490,18550,18490,18550,1239,22925000,260893,319618
20240913,1508,18530,18550,18510,18550,524,9714000,261060,319975
20240913,1509,18550,18590,18530,18590,368,6827000,261143,320260
20240913,1510,18590,18600,18580,18600,391,7270000,261290,320504
20240913,1511,18600,18710,18600,18710,2627,49023000,261666,322755
20240913,1512,18720,18750,18690,18700,2685,50245000,262045,325061
20240913,1513,18690,18690,18550,18630,600,11176000,262524,325182
20240913,1514,18650,18690,18650,18660,514,9599000,262625,325595
20240913,1515,18690,18700,18630,18700,2287,42719000,262876,327631
20240913,1516,18740,18800,18700,18710,3821,71675000,265107,329221
20240913,1517,18710,18800,18650,18650,2899,54216000,266127,331100
20240913,1518,18640,18780,18630,18780,3224,60272000,266273,334178
20240913,1519,18780,18790,18700,18700,964,18050000,267056,334359
20240913,1520,18710,18820,18700,18820,2179,40890000,267107,336487
20240913,1530,18890,18890,18890,18890,6526,123276000,267107,343013
20240919,901,18890,18900,18800,18890,6892,130091000,3116,3776
20240919,902,18840,18900,18690,18780,7710,144983000,7761,6841
20240919,903,18900,19250,18800,19200,1809,34455000,8258,8153
20240919,904,19170,19330,18970,19320,8870,169669000,13139,12142
20240919,905,19220,19230,19100,19210,4883,93637000,15598,14566
20240919,906,19210,19400,19210,19340,4445,85852000,15806,18803
20240919,907,19400,19450,19220,19300,7092,137424000,19107,22594
20240919,908,19300,19390,19090,19190,2075,39857000,20705,23071
20240919,909,19320,19440,19110,19110,5967,114968000,24474,25269
20240919,910,19230,19230,19100,19140,1335,25541000,25496,25582
20240919,911,19140,19400,19140,19170,9333,179420000,27785,32626
20240919,912,19260,19260,19190,19260,323,6217000,27873,32861
20240919,913,19260,19260,19210,19230,197,3787000,27987,32944
20240919,914,19230,19420,19230,19420,2847,55024000,28046,35732
20240919,915,19420,19530,19380,19530,12304,239270000,29137,46945
20240919,916,19540,19550,19420,19440,5774,112660000,31780,50076
20240919,917,19440,19650,19440,19550,4949,96922000,33117,53688
20240919,918,19550,19630,19440,19610,5555,108704000,36783,55577
20240919,919,19610,19740,19470,19700,8139,160016000,37951,62548
20240919,920,19730,19740,19620,19710,3725,73319000,39866,64358
20240919,921,19710,19760,19630,19760,2818,55523000,40683,66359
20240919,922,19760,19760,19670,19760,3298,65112000,41775,68565
20240919,923,19760,19800,19720,19790,2418,47804000,42349,70409
20240919,924,19790,19790,19670,19770,2201,43404000,44124,70835
20240919,925,19770,19800,19700,19800,1850,36583000,44194,72615
20240919,926,19790,19800,19710,19770,1246,24634000,44971,73084
20240919,927,19730,19770,19630,19710,4757,93738000,48902,73910
20240919,928,19650,19710,19470,19570,6207,121532000,54582,74437
20240919,929,19570,19600,19510,19600,1535,30023000,54976,75578
20240919,930,19580,19600,19500,19510,2422,47317000,57083,75893
20240919,931,19520,19520,19440,19470,2871,55898000,59107,76740
20240919,932,19480,19520,19480,19520,607,11840000,59503,76951
20240919,933,19580,19600,19510,19590,1412,27598000,60221,77645
20240919,934,19580,19590,19550,19580,1660,32490000,60950,78576
20240919,935,19580,19600,19500,19590,1169,22884000,61593,79102
20240919,936,19590,19600,19550,19590,384,7516000,61815,79264
20240919,937,19590,19600,19380,19520,2459,47882000,64160,79378
20240919,938,19520,19590,19440,19510,601,11718000,64303,79836
20240919,939,19590,19590,19420,19500,1314,25630000,65256,80197
20240919,940,19500,19500,19390,19500,1733,33698000,66168,81018
20240919,941,19500,19580,19500,19570,594,11615000,66399,81381
20240919,942,19570,19620,19570,19620,3163,61986000,67213,83730
20240919,943,19620,19630,19590,19630,566,11102000,67424,84085
20240919,944,19630,19660,19620,19650,1252,24586000,68017,84744
20240919,945,19640,19660,19550,19610,1362,26680000,69126,84997
20240919,946,19560,19560,19340,19350,6101,118489000,75156,85068
20240919,947,19310,19360,19300,19310,1074,20740000,76106,85192
20240919,948,19320,19350,19210,19210,2934,56563000,78969,85263
20240919,949,19220,19290,19120,19120,5214,100000000,83008,86438
20240919,950,19160,19210,19090,19130,4189,80132000,84545,89090
20240919,951,19130,19140,19090,19120,1722,32910000,86027,89330
20240919,952,19120,19160,19080,19160,1058,20216000,86678,89737
20240919,953,19140,19270,19140,19260,1097,21044000,86703,90809
20240919,954,19260,19270,19010,19040,3460,66086000,89931,91041
20240919,955,19040,19220,19040,19210,212,4066000,89963,91221
20240919,956,19070,19220,19060,19200,588,11275000,90266,91506
20240919,957,19200,19290,19140,19240,1253,24099000,90684,92341
20240919,958,19200,19200,19150,19170,282,5412000,90951,92356
20240919,959,19150,19170,19080,19160,191,3654000,91055,92443
20240919,1000,19150,19150,19070,19150,204,3898000,91228,92474
20240919,1001,19070,19150,19070,19080,107,2047000,91258,92551
20240919,1002,19100,19130,19080,19120,50,956000,91297,92562
20240919,1003,19120,19160,19100,19120,1259,24074000,91463,93655
20240919,1004,19130,19160,19130,19150,666,12744000,91544,94240
20240919,1005,19150,19400,19150,19400,2112,40721000,92053,95843
20240919,1006,19400,19430,19310,19360,416,8058000,92336,95976
20240919,1007,19380,19380,19120,19120,2649,50837000,94953,96008
20240919,1008,19110,19150,19070,19100,527,10063000,95435,96053
20240919,1009,19100,19290,19100,19290,1672,32162000,96343,96817
20240919,1010,19290,19370,19160,19160,6253,120638000,100373,99040
20240919,1011,19280,19310,19280,19310,499,9624000,100378,99534
20240919,1012,19350,19350,19260,19260,3610,69640000,103929,99593
20240919,1013,19260,19260,19020,19190,2607,49829000,106416,99713
20240919,1014,19190,19190,19090,19090,177,3386000,106563,99743
20240919,1015,19100,19170,19100,19100,195,3730000,106708,99793
20240919,1016,19090,19100,18980,18990,5232,99427000,111917,99816
20240919,1017,18990,19090,18990,18990,653,12416000,112273,100113
20240919,1018,18990,19000,18980,18980,272,5165000,112545,100113
20240919,1019,18990,19050,18900,18990,498,9443000,112986,100170
20240919,1020,19000,19010,18990,19000,306,5814000,113155,100307
20240919,1021,19070,19070,19010,19070,86,1640000,113231,100317
20240919,1022,19070,19120,19070,19120,195,3722000,113231,100512
20240919,1023,19150,19160,19060,19070,130,2488000,113292,100581
20240919,1024,19070,19150,19050,19140,1738,33131000,113662,101949
20240919,1025,19140,19140,19060,19130,178,3399000,113758,102031
20240919,1026,19070,19130,19050,19050,409,7799000,114106,102092
20240919,1027,19040,19040,19000,19000,780,14837000,114591,102387
20240919,1028,19010,19060,19010,19050,58,1105000,114646,102390
20240919,1029,19060,19080,19040,19060,84,1600000,114704,102416
20240919,1030,19070,19070,19050,19060,116,2212000,114799,102437
20240919,1031,19040,19040,18960,19030,648,12318000,115418,102466
20240919,1032,19030,19030,18930,18930,591,11201000,115843,102632
20240919,1033,18930,18930,18800,18800,4453,84142000,119111,103817
20240919,1034,18830,18930,18810,18930,1385,26130000,119459,104854
20240919,1035,18840,18980,18840,18980,386,7306000,119460,105239
20240919,1036,18980,18980,18890,18890,152,2877000,119577,105274
20240919,1037,18880,18920,18870,18920,2631,49698000,119845,107637
20240919,1038,18910,18980,18910,18970,199,3766000,119855,107826
20240919,1039,18970,18980,18960,18960,110,2088000,119855,107936
20240919,1040,18940,18950,18940,18950,54,1023000,119869,107976
20240919,1041,18950,18980,18950,18980,162,3071000,119968,108039
20240919,1042,18980,19000,18960,18960,202,3835000,120023,108186
20240919,1043,18960,18960,18930,18950,249,4718000,120160,108298
20240919,1044,18950,19000,18920,18950,1000,18950000,120772,108686
20240919,1045,18950,18950,18930,18950,2007,38032000,122532,108933
20240919,1046,18940,18940,18910,18930,470,8896000,122715,109220
20240919,1047,18940,18940,18870,18870,1158,21879000,123865,109228
20240919,1048,18870,18890,18840,18840,414,7809000,124222,109285
20240919,1049,18840,18840,18810,18810,563,10596000,124696,109374
20240919,1050,18800,18850,18790,18850,1240,23313000,125445,109865
20240919,1051,18850,18890,18810,18830,251,4733000,125489,110072
20240919,1052,18830,18870,18830,18870,212,3995000,125604,110169
20240919,1053,18880,18910,18870,18910,309,5836000,125615,110467
20240919,1054,18890,18890,18890,18890,8,151000,125623,110467
20240919,1055,18880,18910,18870,18870,405,7647000,125955,110540
20240919,1056,18860,18870,18850,18850,431,8125000,126370,110556
20240919,1057,18860,18910,18860,18870,223,4209000,126523,110626
20240919,1058,18870,18950,18860,18950,589,11152000,126545,111193
20240919,1059,18950,19040,18950,19040,259,4912000,126585,111412
20240919,1100,19040,19060,19020,19060,123,2344000,126603,111517
20240919,1101,19060,19140,19060,19070,4613,87975000,130002,112731
20240919,1102,19070,19070,19060,19060,979,18661000,130774,112938
20240919,1103,19050,19050,19040,19050,102,1943000,130830,112984
20240919,1104,19050,19060,19040,19040,518,9868000,131191,113141
20240919,1105,19040,19060,19040,19050,343,6535000,131230,113445
20240919,1106,19050,19060,19050,19060,222,4230000,131232,113665
20240919,1107,19070,19120,19060,19120,182,3474000,131373,113706
20240919,1108,19100,19130,19080,19100,53,1013000,131396,113736
20240919,1109,19130,19150,19130,19140,397,7602000,131396,114133
20240919,1110,19140,19160,19140,19160,96,1838000,131397,114228
20240919,1111,19160,19180,19140,19140,666,12761000,131984,114307
20240919,1112,19180,19200,19180,19200,298,5718000,131994,114595
20240919,1113,19190,19300,19190,19190,521,10021000,132188,114922
20240919,1114,19180,19310,19160,19190,1115,21449000,132596,115629
20240919,1115,19190,19280,19170,19280,652,12530000,133095,115782
20240919,1116,19210,19250,19150,19250,534,10236000,133622,115789
20240919,1117,19200,19200,19120,19150,566,10834000,134148,115829
20240919,1118,19200,19260,19200,19260,581,11185000,134488,116070
20240919,1119,19260,19260,19200,19200,41,788000,134516,116083
20240919,1120,19170,19170,19110,19140,589,11278000,135065,116123
20240919,1121,19110,19130,19100,19100,120,2293000,135157,116151
20240919,1122,19100,19100,19070,19100,616,11751000,135740,116184
20240919,1123,19100,19100,19030,19030,970,18490000,136710,116184
20240919,1124,19040,19050,19030,19030,69,1314000,136761,116202
20240919,1125,19030,19030,18910,18910,1963,37287000,138553,116373
20240919,1126,18930,18930,18900,18900,338,6391000,138792,116472
20240919,1127,18900,19000,18900,18910,216,4089000,138872,116608
20240919,1128,18920,19000,18920,19000,98,1855000,138900,116678
20240919,1129,19000,19040,19000,19030,113,2149000,138941,116750
20240919,1130,19010,19030,19010,19020,83,1578000,139012,116762
20240919,1131,19000,19020,19000,19020,105,1996000,139097,116782
20240919,1132,19020,19030,19010,19020,128,2434000,139169,116838
20240919,1133,19020,19020,19010,19020,95,1807000,139177,116925
20240919,1134,19010,19010,18980,18980,97,1843000,139213,116986
20240919,1135,18990,19020,18990,19000,195,3706000,139309,117085
20240919,1136,19000,19020,19000,19020,130,2472000,139353,117171
20240919,1137,19030,19030,19000,19000,61,1160000,139407,117178
20240919,1138,18990,18990,18910,18910,1881,35612000,141143,117323
20240919,1139,18900,18920,18900,18920,145,2741000,141252,117359
20240919,1140,18920,18920,18900,18910,410,7755000,141373,117648
20240919,1141,18910,18920,18910,18920,278,5259000,141403,117896
20240919,1142,18910,18920,18910,18920,221,4180000,141570,117950
20240919,1143,18920,18920,18910,18920,294,5562000,141610,118204
20240919,1144,18920,19020,18920,19020,161,3055000,141645,118330
20240919,1145,19020,19020,18980,18980,57,1082000,141657,118375
20240919,1146,18980,18990,18980,18990,104,1975000,141657,118479
20240919,1147,18980,18980,18950,18970,289,5482000,141805,118620
20240919,1148,18960,18970,18920,18930,169,3201000,141949,118645
20240919,1149,18910,18910,18870,18910,1246,23537000,143186,118654
20240919,1150,18870,18870,18850,18860,361,6808000,143506,118695
20240919,1151,18860,18910,18860,18860,282,5319000,143775,118708
20240919,1152,18910,18920,18860,18860,75,1416000,143832,118726
20240919,1153,18900,18910,18860,18860,59,1115000,143853,118764
20240919,1154,18910,18930,18910,18930,285,5395000,143853,119049
20240919,1155,18930,18930,18930,18930,149,2821000,143853,119198
20240919,1156,18930,18970,18930,18970,210,3978000,143853,119408
20240919,1157,18970,18970,18970,18970,199,3775000,143922,119538
20240919,1158,18970,18970,18960,18970,83,1574000,143930,119613
20240919,1159,18970,18970,18960,18960,124,2351000,144030,119637
20240919,1200,18970,18970,18970,18970,80,1518000,144030,119717
20240919,1201,18960,18960,18960,18960,10,189000,144030,119727
20240919,1202,18950,18970,18950,18970,126,2390000,144030,119853
20240919,1203,18970,19000,18960,19000,183,3473000,144033,120033
20240919,1204,19000,19000,18900,19000,310,5881000,144342,120034
20240919,1205,19020,19020,19020,19020,144,2739000,144406,120114
20240919,1206,19010,19010,19000,19000,116,2204000,144522,120114
20240919,1207,19020,19020,19000,19000,241,4580000,144621,120256
20240919,1208,19010,19020,19000,19000,186,3537000,144666,120397
20240919,1209,19000,19020,19000,19020,121,2302000,144667,120517
20240919,1210,19010,19020,19010,19020,27,513000,144674,120537
20240919,1211,19020,19080,19020,19080,304,5790000,144692,120823
20240919,1212,19080,19080,19080,19080,102,1946000,144692,120925
20240919,1213,19080,19080,19040,19080,147,2801000,144815,120949
20240919,1214,19050,19080,19020,19080,104,1982000,144882,120986
20240919,1215,19030,19030,19020,19020,20,380000,144902,120986
20240919,1216,19080,19080,19040,19040,139,2651000,144944,121083
20240919,1217,19040,19040,19040,19040,6,114000,144944,121089
20240919,1218,19040,19090,19040,19090,63,1202000,144969,121127
20240919,1219,19040,19040,19040,19040,27,514000,144996,121127
20240919,1220,19080,19080,19050,19080,186,3547000,145066,121243
20240919,1221,19080,19080,19080,19080,134,2556000,145066,121377
20240919,1222,19080,19080,19080,19080,37,706000,145066,121414
20240919,1223,19060,19090,19060,19090,230,4390000,145096,121614
20240919,1224,19080,19090,19080,19080,30,572000,145119,121621
20240919,1225,19090,19090,19090,19090,106,2024000,145119,121727
20240919,1226,19090,19090,19030,19090,71,1353000,145173,121744
20240919,1227,19090,19090,19020,19020,195,3718000,145301,121811
20240919,1228,19010,19080,19010,19080,31,589000,145320,121823
20240919,1229,19080,19090,19080,19090,638,12174000,145633,122148
20240919,1230,19090,19090,19090,19090,79,1508000,145633,122227
20240919,1231,19090,19090,19080,19080,143,2729000,145733,122270
20240919,1232,19080,19080,19080,19080,55,1049000,145733,122325
20240919,1233,19080,19080,19080,19080,136,2595000,145791,122403
20240919,1234,19080,19080,19080,19080,119,2270000,145791,122522
20240919,1235,19080,19080,19060,19060,60,1144000,145836,122537
20240919,1236,19060,19090,19060,19090,145,2767000,145846,122672
20240919,1237,19080,19080,19060,19060,380,7249000,145933,122965
20240919,1238,19080,19080,19030,19030,793,15111000,146558,123133
20240919,1239,19030,19030,18970,19000,1213,23053000,147715,123189
20240919,1240,18980,18980,18980,18980,25,474000,147740,123189
20240919,1241,18960,18970,18960,18970,216,4097000,147943,123202
20240919,1242,18960,19050,18960,19050,160,3040000,148003,123302
20240919,1243,19040,19040,19040,19040,38,723000,148003,123340
20240919,1244,19020,19040,18990,18990,553,10519000,148533,123363
20240919,1245,19020,19020,19010,19010,117,2225000,148552,123461
20240919,1246,19000,19010,18980,19010,150,2848000,148688,123475
20240919,1247,18970,19010,18920,18920,312,5915000,148985,123490
20240919,1248,18940,18940,18920,18920,86,1628000,149018,123543
20240919,1249,18940,19020,18940,19020,111,2107000,149065,123607
20240919,1250,19020,19050,19020,19050,154,2931000,149095,123731
20240919,1251,19050,19050,19020,19020,186,3539000,149228,123784
20240919,1252,19020,19040,19020,19040,103,1959000,149263,123852
20240919,1254,19040,19050,18880,18960,3056,57797000,151304,124867
20240919,1255,18960,18960,18960,18960,3,57000,151304,124870
20240919,1256,18960,18960,18960,18960,89,1687000,151304,124959
20240919,1257,18960,18960,18960,18960,77,1460000,151304,125036
20240919,1258,18960,18970,18960,18970,108,2048000,151326,125122
20240919,1259,18990,19000,18990,19000,197,3743000,151340,125305
20240919,1300,19000,19000,18970,19000,104,1975000,151396,125353
20240919,1301,18970,19000,18970,19000,87,1651000,151446,125390
20240919,1302,18960,18970,18950,18970,276,5233000,151722,125390
20240919,1303,18970,18970,18970,18970,97,1840000,151802,125407
20240919,1304,18970,18990,18960,18970,31,588000,151829,125411
20240919,1305,18990,18990,18990,18990,60,1139000,151829,125471
20240919,1306,18970,18970,18860,18860,1572,29689000,153010,125862
20240919,1307,18910,18910,18850,18850,1527,28806000,154425,125974
20240919,1308,18850,18900,18850,18900,164,3094000,154548,126015
20240919,1309,18900,18910,18900,18910,1071,20252000,154597,127037
20240919,1310,18920,19000,18920,19000,213,4039000,154698,127149
20240919,1311,19000,19010,19000,19010,113,2147000,154786,127174
20240919,1312,19000,19000,19000,19000,78,1482000,154800,127238
20240919,1313,19000,19000,19000,19000,171,3249000,154871,127338
20240919,1314,19010,19010,19000,19000,88,1673000,154881,127416
20240919,1315,19000,19000,19000,19000,30,570000,154881,127446
20240919,1316,19000,19010,18950,19000,81,1539000,154934,127474
20240919,1317,19010,19010,18980,19010,113,2148000,154947,127574
20240919,1318,18960,18980,18920,18980,529,10009000,155473,127577
20240919,1319,18980,18990,18920,18980,114,2162000,155498,127666
20240919,1320,18980,18980,18980,18980,9,171000,155498,127675
20240919,1321,18980,18980,18910,18910,567,10734000,156044,127696
20240919,1322,18980,18980,18910,18950,130,2464000,156122,127748
20240919,1323,18980,18990,18980,18990,55,1044000,156165,127760
20240919,1325,18980,18990,18900,18900,1379,26085000,157504,127800
20240919,1326,18900,18970,18860,18970,757,14307000,158195,127866
20240919,1327,18900,18960,18900,18900,662,12512000,158856,127867
20240919,1328,18900,18950,18900,18950,79,1495000,158877,127925
20240919,1329,18940,18950,18910,18910,52,984000,158920,127934
20240919,1330,18910,18910,18860,18860,1809,34152000,160715,127948
20240919,1331,18900,18900,18900,18900,2,38000,160715,127950
20240919,1332,18890,18890,18860,18860,81,1530000,160781,127965
20240919,1333,18860,18860,18840,18840,814,15343000,161595,127965
20240919,1334,18840,18850,18840,18840,213,4014000,161756,128017
20240919,1335,18850,18860,18850,18860,153,2885000,161756,128170
20240919,1336,18860,18860,18860,18860,104,1961000,161756,128274
20240919,1337,18860,18860,18860,18860,168,3169000,161756,128442
20240919,1338,18860,18860,18850,18850,24,452000,161777,128445
20240919,1339,18850,18860,18820,18850,1238,23316000,162909,128551
20240919,1340,18820,18850,18820,18850,57,1073000,162958,128559
20240919,1341,18840,18840,18800,18800,1996,37548000,164806,128707
20240919,1342,18800,18800,18800,18800,200,3760000,165006,128707
20240919,1343,18820,18820,18800,18800,108,2032000,165106,128715
20240919,1344,18820,18840,18820,18840,55,1036000,165142,128734
20240919,1346,18860,18860,18850,18860,212,3998000,165145,128943
20240919,1347,18850,18850,18830,18830,670,12623000,165815,128943
20240919,1348,18840,18860,18830,18860,600,11302000,166366,128992
20240919,1349,18870,18870,18830,18830,18,339000,166371,129005
20240919,1350,18830,18870,18830,18870,70,1320000,166399,129047
20240919,1351,18860,18860,18800,18810,940,17694000,167339,129047
20240919,1352,18830,18870,18830,18870,168,3167000,167422,129132
20240919,1353,18870,18890,18870,18890,251,4740000,167432,129373
20240919,1354,18890,18910,18820,18820,2037,38471000,169155,129687
20240919,1355,18830,18890,18820,18890,193,3636000,169320,129715
20240919,1356,18900,18910,18900,18900,3,57000,169321,129717
20240919,1357,18890,18900,18890,18900,74,1398000,169322,129790
20240919,1358,18900,18900,18890,18890,15,283000,169334,129793
20240919,1359,18900,18900,18890,18890,363,6858000,169674,129816
20240919,1400,18870,18870,18870,18870,1,19000,169675,129816
20240919,1401,18880,18890,18880,18890,123,2322000,169755,129859
20240919,1402,18900,18900,18900,18900,26,492000,169755,129885
20240919,1403,18900,18900,18900,18900,1,19000,169756,129885
20240919,1404,18910,18910,18900,18910,895,16917000,170531,130005
20240919,1405,18910,18910,18910,18910,70,1323000,170531,130075
20240919,1406,18900,18910,18880,18900,599,11314000,171042,130163
20240919,1407,18900,18910,18900,18910,52,983000,171042,130215
20240919,1408,18890,18910,18880,18910,982,18551000,172021,130218
20240919,1409,18920,18920,18900,18910,249,4706000,172265,130223
20240919,1410,18900,18910,18900,18910,1028,19438000,172604,130912
20240919,1411,18910,18920,18910,18920,5,95000,172608,130913
20240919,1412,18920,18920,18920,18920,202,3821000,172608,131115
20240919,1413,18930,18930,18930,18930,46,871000,172608,131161
20240919,1414,18930,18930,18870,18870,198,3744000,172750,131217
20240919,1415,18870,18930,18870,18880,317,5989000,173051,131233
20240919,1416,18880,18940,18880,18940,2,37000,173052,131234
20240919,1417,18880,18910,18860,18860,465,8775000,173470,131281
20240919,1418,18860,18860,18820,18820,819,15431000,174289,131281
20240919,1419,18840,18840,18820,18820,93,1752000,174367,131296
20240919,1420,18860,18860,18860,18860,4,75000,174367,131300
20240919,1421,18860,18910,18860,18910,37,699000,174370,131334
20240919,1422,18910,18910,18860,18860,139,2622000,174425,131418
20240919,1423,18850,18910,18840,18910,220,4149000,174596,131467
20240919,1424,18910,18910,18910,18910,62,1172000,174596,131529
20240919,1425,18850,18850,18840,18840,133,2507000,174729,131529
20240919,1426,18890,18890,18890,18890,78,1473000,174789,131547
20240919,1427,18890,18890,18880,18890,103,1946000,174841,131598
20240919,1428,18890,18890,18850,18850,83,1566000,174912,131610
20240919,1429,18850,18850,18850,18850,25,471000,174937,131610
20240919,1430,18890,18900,18850,18850,392,7393000,175295,131644
20240919,1431,18900,18900,18890,18900,132,2494000,175335,131736
20240919,1433,18900,18900,18900,18900,75,1418000,175335,131811
20240919,1434,18860,18890,18840,18840,118,2225000,175428,131836
20240919,1435,18880,18880,18840,18880,68,1284000,175487,131845
20240919,1436,18880,18890,18830,18830,454,8556000,175836,131950
20240919,1437,18840,18890,18830,18890,259,4881000,176016,132029
20240919,1438,18890,18890,18810,18880,1299,24459000,177151,132193
20240919,1439,18890,18890,18810,18890,107,2016000,177211,132240
20240919,1440,18890,18890,18890,18890,90,1700000,177211,132330
20240919,1441,18820,18820,18810,18810,186,3501000,177223,132504
20240919,1442,18820,18890,18820,18890,105,1979000,177225,132607
20240919,1443,18890,18890,18890,18890,5,94000,177225,132612
20240919,1444,18890,18890,18830,18890,184,3476000,177228,132793
20240919,1445,18830,18830,18830,18830,56,1055000,177284,132793
20240919,1446,18830,18870,18820,18870,168,3165000,177376,132869
20240919,1447,18830,18830,18690,18690,6323,118631000,183437,133131
20240919,1448,18700,18700,18690,18690,1265,23652000,183810,134023
20240919,1449,18700,18710,18680,18690,3090,57754000,185759,135164
20240919,1450,18690,18800,18680,18800,12,225000,185769,135166
20240919,1451,18780,18800,18700,18700,498,9361000,186053,135380
20240919,1452,18710,18800,18710,18800,33,620000,186065,135401
20240919,1453,18710,18800,18700,18700,899,16816000,186499,135866
20240919,1454,18700,18810,18690,18810,1106,20790000,186846,136625
20240919,1455,18790,18790,18770,18770,109,2048000,186940,136640
20240919,1456,18770,18770,18770,18770,105,1971000,187045,136640
20240919,1457,18790,18800,18790,18800,447,8402000,187149,136983
20240919,1458,18790,18830,18790,18820,260,4895000,187182,137210
20240919,1459,18710,18710,18710,18710,379,7091000,187528,137243
20240919,1500,18710,18810,18680,18700,1600,29965000,188404,137967
20240919,1501,18680,18680,18620,18660,2261,42157000,190646,137986
20240919,1502,18650,18650,18620,18630,459,8554000,190857,138234
20240919,1503,18640,18660,18640,18660,13,242000,190861,138243
20240919,1504,18670,18700,18670,18670,3632,67850000,192421,140315
20240919,1505,18670,18670,18630,18670,2191,40882000,193884,141043
20240919,1506,18750,18750,18650,18670,1193,22279000,194834,141286
20240919,1507,18660,18740,18660,18740,360,6725000,195083,141397
20240919,1508,18740,18740,18660,18660,16,299000,195091,141405
20240919,1509,18710,18710,18710,18710,70,1309000,195091,141475
20240919,1510,18670,18730,18670,18730,596,11131000,195412,141750
20240919,1511,18730,18790,18670,18790,532,9975000,195470,142224
20240919,1512,18700,18790,18700,18790,213,3999000,195470,142437
20240919,1513,18690,18750,18690,18750,110,2062000,195550,142467
20240919,1514,18730,18730,18670,18670,944,17645000,196493,142468
20240919,1515,18690,18770,18690,18770,202,3780000,196493,142670
20240919,1516,18690,18760,18690,18700,166,3108000,196611,142718
20240919,1517,18700,18750,18690,18750,401,7496000,197011,142719
20240919,1518,18710,18710,18690,18690,473,8840000,197437,142766
20240919,1519,18690,18710,18690,18710,108,2020000,197440,142871
20240919,1520,18740,18740,18670,18670,1624,30350000,198564,143371
20240919,1530,18670,18670,18670,18670,3314,61872000,198564,146685
